item_id;Sold
90420332;404
368814;498
9333523;212
80155205;309
30180504;982
10122647;845
70404875;690
60155602;279
50406465;627
69304221;143
90404879;408
121766;375
397736;457
50420329;764
400550;290
29304826;464
40426138;298
50363649;949
70246089;742
60406785;852
340759;381
30352246;656
10281354;314
90400517;208
400545;845
10400540;518
40400529;565
90319918;363
29297227;344
99323925;521
40339004;651
39184324;787
19297275;205
60400745;684
20336619;937
20429010;494
80369112;374
89280380;308
29304223;167
49304217;150
272656;511
79241940;243
89297272;478
9288224;661
30135658;831
49297274;270
30308395;535
29123958;299
49278341;686
50461230;235
89326463;249
50468953;640
69326609;321
59099136;745
40395245;978
69277307;489
70395239;456
89931560;560
30446373;377
59248612;973
19254209;635
20400691;652
39019701;352
69912770;350
29931596;760
29179554;528
9241043;283
19175957;228
19185433;1030
39122072;231
79902935;777
90349326;248
99157983;455
69057522;429
79012991;801
249487;621
89227731;264
90331091;765
69185435;342
29194427;367
89305446;201
19259631;384
80017389;497
39248608;283
69323757;285
79227755;572
90354327;542
79247598;253
10362963;589
9241420;189
20424362;315
69241097;850
39931609;344
20467629;257
239233;763
29239459;256
60116960;461
89019992;251
30249546;317
89019572;329
70305700;645
40433902;339
79129986;138
360484;392
44361010;777
80253809;656
39216754;239
10448325;944
30160209;310
30248537;431
29188822;565
60372276;248
19009562;754
99239451;807
99287550;234
19268763;329
29250753;206
49303393;229
89186778;11
9306416;212
50340163;691
29291956;422
70284203;501
20228709;965
49046068;582
20404806;294
9186126;129
70362427;501
102452;300
40349847;346
30099293;505
70426537;292
90299449;551
39277498;173
40411410;830
89302914;128
10453086;195
9324284;140
19302922;354
90229017;648
80341496;457
228705;191
29241160;180
59167074;122
89386070;202
10247973;563
99278070;11
19166180;416
79288188;142
99302918;295
60433901;292
102065;389
39227837;489
39041660;292
59302915;166
60299691;886
39279280;335
9149879;324
19287530;280
400692;731
19326428;628
80332468;856
90332458;582
90338403;1040
99211621;152
20320128;396
69304829;507
99302975;159
50393830;521
89275265;270
39288128;195
70340567;167
89240761;172
59250756;88
79253259;154
20247982;546
9302913;172
29278101;126
80411272;323
49278591;18
19129932;220
80362974;983
10372976;504
69287537;314
257953;335
20299688;342
9217849;177
19302917;262
59151271;359
9306435;316
29277639;7
40299687;637
49277105;62
69302566;416
9278003;35
19290014;96
20426525;835
10248519;372
60429471;408
89300750;116
29288100;151
49292686;73
49306443;349
45932080;388
10309616;451
79186774;17
99183864;161
70248564;321
79217902;228
79150746;110
29277724;87
59297481;168
9306355;135
20249896;625
29266184;20
29278158;86
49268653;196
60102067;545
248567;321
60431563;312
29285521;113
89278481;74
70299695;1100
50456417;1075
40296599;1061
10311228;599
9277918;85
19290603;54
80309613;460
59277652;150
69278415;69
80102066;222
89253169;557
10411242;489
19285588;117
29297454;341
99280884;352
9278569;25
19299726;20
29257066;75
39292465;62
69292275;60
79267280;636
99275241;169
50201534;472
80332473;977
39253176;645
69297471;281
39266094;42
89149936;307
39277196;109
59266074;16
39180566;311
39266008;34
49253185;321
59297141;576
59201841;633
59297674;510
450347;310
69297287;453
99303461;383
70261131;982
20275814;908
60282186;1051
278578;690
80275887;562
50419972;575
30428326;994
90282180;685
40178591;464
40322876;361
20346072;610
90305803;645
263850;738
50263838;920
30419973;941
39318031;941
19222299;274
30318163;1106
275848;356
50214678;923
39031411;797
40415465;652
40033763;367
50339292;503
20312492;280
59278307;866
80263832;959
19189030;628
69155853;335
50282182;517
30334605;816
40277143;442
50279066;873
80295526;471
50282177;812
319135;406
79286434;376
69281804;263
287808;584
10261129;416
20213312;943
29281066;949
30381593;438
90344456;452
30263844;1049
70301542;692
322859;672
69017828;566
19286390;398
9305087;702
79902657;609
79302721;635
70342199;351
70364290;422
60413502;501
39287398;559
39278290;607
99291745;747
49280042;826
90301555;829
70302283;1013
9197436;865
99286838;326
20417205;912
60419962;1107
295554;716
20409936;317
90301225;602
20323358;479
60364295;457
90394470;326
9017826;932
69251345;378
79306875;409
40218554;822
30409295;722
60295706;508
80385616;622
90311069;753
69281776;643
70339291;433
20345633;733
89248205;646
99294560;816
29276531;303
40347886;1093
79017837;633
79305098;973
79278250;590
39903791;314
89286382;649
10275862;655
69190861;766
9189484;255
10218517;954
9279050;689
79278269;967
99277122;663
19046442;74
69285939;1111
59902658;519
29286417;702
40450350;521
39285827;474
89248314;452
334536;998
49189199;689
9294526;426
59206004;213
99017445;758
40309573;1093
49046978;713
10429992;781
50236487;415
10279860;340
29299165;473
116595;347
99300839;209
50343147;300
59182201;785
79301788;152
10428332;475
40322862;1018
9287413;770
29287389;913
49248311;400
49227605;321
89302971;110
80336433;872
50218563;292
30429991;997
19306185;1042
69208026;311
89017832;459
80349001;1026
69303504;541
89287433;631
9384051;103
89017827;324
69325902;550
29248557;473
70245952;802
89317557;523
39311765;276
20333951;891
10429987;423
20419964;641
9184448;561
99902661;671
99020476;554
69020473;231
90344927;767
89276463;462
90218561;689
89309722;292
20278167;818
59248377;605
69284987;644
90323393;501
9306204;846
60245957;507
29286460;492
80373703;1010
87749600;1043
70286645;1024
80322860;544
9297488;495
29281783;229
59197981;221
49061228;647
59248551;343
19291650;320
50046152;442
50293604;453
90419965;877
338412;591
20348896;452
59282998;659
30434186;826
70344933;400
29205534;362
90294989;456
80318165;436
30333286;335
80430204;502
19291645;597
20423720;1030
89297130;422
450352;755
347888;1111
49297491;512
59317554;379
20218545;674
10322849;583
60295532;761
49286341;568
49301921;535
99286862;329
59248320;799
10338421;388
335885;937
70391038;241
10334611;374
89272709;239
9177626;937
19266603;545
29248208;188
80344923;858
49189203;553
99297144;657
10293597;844
40347508;681
80334617;919
39231603;318
60443622;851
69287373;678
99248554;238
29278262;524
79286636;203
10434187;287
60409294;326
30284846;331
19297138;841
50373709;1008
79094213;648
89030584;313
344941;975
10318159;507
40452617;753
49311492;353
59276266;315
19286272;785
90334612;507
30269129;309
286677;800
323359;694
60293566;392
50347503;1093
80294503;651
39272641;899
10265293;824
20245959;956
60334312;372
9248544;301
10364293;1028
60371762;650
296351;439
19020480;377
49133616;603
79294542;525
10334319;1047
10443629;757
29287445;545
49203355;111
20365188;843
40364060;515
70340044;365
79189150;501
30294987;651
70294508;511
39303968;503
49285817;904
60322861;1059
10218536;622
10333287;406
70443626;309
30323367;599
40299885;671
40348715;329
80322855;988
9017831;318
10422325;844
19282924;253
30338415;976
99217755;392
69184431;904
408297;387
40390766;860
80419961;860
79276246;644
20452618;1019
39291748;954
89277113;753
19030592;419
29280731;221
59204420;215
89020472;310
19194649;70
19903834;806
39323990;549
29277352;416
70347516;549
29248374;588
59277119;503
89303956;386
347505;943
10245846;303
348717;425
40295302;825
49248325;273
59297438;539
9248351;686
9305068;458
19231152;234
29287370;784
30333842;820
39283003;268
69248348;792
9297657;625
49280749;260
49297660;499
49298594;544
59177624;163
60441581;440
79297526;229
99020481;152
99046443;126
60333850;859
70265247;742
39272655;952
80339790;407
30342479;923
40401859;430
30247378;661
80247371;957
73755709;960
99031408;594
20245964;654
29221765;434
39017486;517
59291634;293
9302908;577
30236153;1002
40419958;354
89280747;415
9287979;663
351248;937
10343328;543
59287340;264
9251348;259
9301131;359
29286728;284
40422324;795
49275088;438
59184441;167
59203128;270
69903836;583
70299879;539
89299129;195
89311466;560
338407;676
99291646;817
9297134;692
20291630;394
80261258;1091
340047;647
70323600;930
50342478;729
10291678;740
40351246;1019
295530;707
30291682;1078
70370352;520
10452614;1031
19278328;627
40310208;322
50300015;335
40263853;293
90291698;851
9278338;220
29287997;591
69248560;492
90422326;587
414255;316
9188842;667
9192518;94
9303960;447
19191896;158
19275136;128
19297685;329
19309725;408
19930205;315
39248359;307
39311256;267
39903833;850
59279043;517
69248211;122
69294566;427
89285467;878
90349005;880
60323592;970
20273141;999
50334303;450
30373164;775
49303958;212
50295306;1058
50275596;801
90333938;566
10373495;140
29308645;405
80291632;268
90347515;680
40348895;989
80385348;824
275674;299
9285683;473
9288021;772
10388661;978
49903842;399
50334317;666
69017475;322
70348894;993
79320758;155
89248535;214
9903820;564
10323599;614
19221087;250
19277116;693
20330599;437
29275715;200
29286399;308
29294554;348
29912767;766
30323598;945
40226790;944
49017749;420
40211595;287
49320774;291
59276172;404
59287986;818
60294797;552
79265926;115
79272677;435
79303103;557
80414256;474
99221026;331
50357002;727
20334314;585
49248354;477
20338411;364
19272699;295
40104109;498
90291858;276
10273090;997
10364523;885
50425987;447
30425988;885
49282994;647
70318161;1063
50370353;513
80340048;1093
89283005;304
89294532;489
20443624;534
69903799;502
70428904;409
50275619;669
322897;256
333278;366
10353765;662
294795;444
20390574;923
30357003;652
40247368;751
70388639;406
79184435;444
99303970;211
80291854;277
39286558;750
50434185;1054
69272649;426
80291665;813
60441562;681
9300650;180
10441569;473
19057483;322
19276414;402
30452613;721
39184437;279
39292026;471
49133579;660
40206476;641
49221062;311
49272706;361
49299032;300
49302874;814
50470512;720
59303477;217
60291845;573
60414257;784
69017833;249
69239607;374
69275718;214
69288018;407
69304754;309
70348785;325
70470511;294
70394471;811
89248371;431
89287683;250
89297663;748
89323723;219
90226797;758
90443625;742
99248380;525
99288012;649
99315812;576
90265246;1082
70236151;858
50323597;645
29248345;278
70441566;700
423721;359
10357004;676
19288006;251
79248319;251
79320744;334
89297677;670
99303442;199
9291622;305
29184433;285
29248538;334
29285470;842
30441554;826
39230712;512
39311789;298
49294548;444
59311463;366
59385755;650
69248386;389
69285473;345
79272696;215
79279457;367
79303495;327
79305102;261
80441556;802
80450353;991
89276590;836
89285518;823
99184439;314
99297634;508
99903788;973
49300827;117
29297958;573
59286468;960
40383737;222
10119206;1004
30439565;537
79286491;787
59248867;388
70328669;943
69287392;382
50413507;150
19279177;588
40302289;303
50300666;906
89279174;320
40300662;880
359739;374
302291;898
40309257;417
29248864;615
30439725;413
19205884;148
70439728;272
30396429;677
10409871;557
396416;615
59275101;260
19028754;392
79276388;272
10251451;371
49221038;346
363171;457
29301762;531
60342072;365
9276650;534
39287379;694
79291355;399
50328665;649
20396646;562
29302573;143
90421911;860
79281790;515
29279186;216
89161508;311
29286931;346
70341005;793
10295539;939
327772;215
50415196;366
9248855;649
29285776;47
50365139;370
49249396;485
89249403;724
245842;742
242278;517
29286573;497
30360977;310
69275110;533
89161631;573
19278234;324
99266053;293
90433909;240
9290123;631
69285208;21
59249409;645
70388620;275
69301717;393
30428915;429
49265999;230
9301664;147
30342078;164
19057906;871
40363621;450
59301483;270
79248748;778
347510;812
60247409;818
29300852;414
90328668;1110
70443631;661
60389192;204
89265902;264
59228746;445
70247376;923
50363729;272
415194;511
30365135;123
69208031;260
69248659;987
69282926;132
50443627;907
20347514;576
70247381;1033
29204431;174
89307643;719
99249520;143
19266033;145
10364066;766
49248858;200
79282544;187
80360951;168
49265975;191
79265950;298
89248682;733
39299103;274
59191026;231
70296343;734
89291312;729
60347507;874
10351511;770
10299877;579
99282538;413
30388636;320
40245840;353
9285070;85
29248656;524
29287214;337
49265895;54
59279180;746
40296311;968
19291315;882
19249406;280
69265984;215
69286806;234
90338422;818
9282528;622
39276682;135
49280754;371
99300702;155
20351515;622
10338416;399
296313;731
39297514;159
60303481;204
79249328;249
9248916;302
9265920;146
70444348;588
80295300;857
19194456;195
19275235;72
19286521;489
39275116;387
39286841;359
49194681;129
59265965;52
79248668;391
79286820;283
79286896;332
89217727;172
89249399;180
30371056;753
99234255;200
9287192;300
19285791;237
30338420;355
30428901;774
30443628;822
49161609;719
69279189;474
9266024;138
10363632;876
29286865;173
29336356;768
29336380;535
30320726;183
89248922;385
99161598;259
99265911;180
90415199;562
99285117;221
30303487;320
50294793;798
49329331;246
59336374;771
79330639;399
89286513;612
59286963;333
69329387;384
79275138;129
9329390;390
20441578;468
29282532;173
39285785;82
40291851;976
79285302;122
60428990;953
428974;941
30428982;254
89323921;608
49288236;668
90428984;898
40429014;471
19304209;645
39297156;501
60246080;952
10422504;953
417635;859
9297129;208
246078;1005
49259743;579
80417636;445
59259752;603
80280515;315
49011766;655
10209202;421
40455649;616
40472861;602
79331865;509
20456956;270
20339420;909
79046260;708
50078464;585
90339412;478
9221016;338
29208194;873
59297184;434
50434312;264
50058376;946
10219178;550
69023612;873
90184047;659
20292776;1039
60217799;512
70441769;901
10233532;937
9252786;474
70392542;485
90320097;428
70103250;686
50341025;423
60308676;284
60344759;712
39129342;497
152282;446
20336836;712
50039552;384
70261150;285
60178887;669
99014376;667
90435324;269
50463502;696
60416925;591
90350937;392
79299016;636
90342688;408
49228474;511
29301700;959
70308685;771
80349671;755
29272712;324
10441786;941
40423578;417
60105829;393
10407136;695
59337670;1088
60441779;338
90116553;880
50211104;586
10135659;821
39201026;236
59127808;472
40202746;817
29151296;325
10334753;1000
19304006;780
40419982;211
79129081;700
49304199;680
211088;374
50364149;649
217797;898
30115066;643
10331014;378
30449748;500
262879;295
49252119;279
90211531;756
40240989;411
99275627;585
80443904;485
50295472;725
19190340;540
89256262;299
9219527;514
30396655;447
39306288;315
49252398;252
9279026;680
10413137;667
30141975;528
40455654;521
90434310;240
60248418;648
90175000;331
79325223;691
99221743;495
20382324;563
79010690;679
29252549;703
90309721;896
80265143;530
40238712;401
80433900;527
60384335;752
39207716;542
39337911;1006
59197702;877
49315937;226
410101;423
39303039;946
40319398;234
246196;552
40336595;393
90412426;747
20426276;382
80396422;456
29067293;424
60175006;738
10424353;914
90325518;728
89256894;162
90190411;491
80222441;389
30346986;760
10363651;483
418376;893
29220780;401
39261874;327
39296901;522
59252637;959
60416572;815
69303066;336
276664;376
20259423;969
60341015;968
70451640;522
60265163;628
19241537;462
70434311;374
79286033;367
50312909;865
39240787;874
9304196;435
39251931;600
59135648;163
10423589;196
29297294;512
90451644;884
333122;895
243800;875
40178888;282
10395807;506
30416578;963
49303034;679
89303046;647
141689;643
30427341;380
60463498;793
90363553;714
70451635;641
99252541;619
385069;535
29917307;188
60344453;318
50357785;872
99011764;930
70463582;495
40076093;1075
30204798;1057
40416587;385
395209;334
69252646;447
99197696;410
30288632;878
70273092;312
19289341;182
19305044;109
80403516;465
89277486;258
90395813;572
90412450;452
20416593;667
10320341;634
89305205;401
447680;339
19275909;487
29174976;788
9276971;199
19252347;725
59304207;851
50365361;559
80426928;879
10421665;494
10150094;1008
20182278;548
40466389;320
59240828;672
50320565;1026
80340760;1014
89297286;17
49031774;136
69289008;118
79269180;216
40369109;983
378667;329
40354221;1108
90471581;444
69306277;631
29221256;589
30178884;511
410083;289
10411421;607
39280698;782
59221165;825
70253541;487
90299029;185
29304204;351
49220374;441
29161484;347
40280843;812
49007217;190
49221439;164
69161482;290
19277036;67
19298265;212
79297300;67
10461010;875
89041709;482
89010699;485
60304428;714
90253535;307
20013073;646
70264281;1002
39279567;247
79221169;724
39251926;337
89221475;265
60351900;921
70336674;807
29221435;265
80308393;468
90339902;826
90200269;1032
69297292;107
9259702;167
10330811;713
29280689;49
39280679;205
40340762;557
90412718;703
79161575;129
44881100;445
40454367;849
40273593;655
70330813;1021
80403154;306
90246291;872
49252553;363
60353838;436
40332074;782
308684;179
50343331;816
89304791;345
19221450;179
89907452;258
19285866;562
50346985;892
428318;513
19246144;110
19297157;233
80187683;513
20429430;1049
59303123;680
60262881;501
80379347;580
19900864;275
99266128;182
288638;1058
9161569;204
9220842;749
9251824;67
19250697;149
29269724;304
39161488;273
49861007;303
30339900;743
50223625;537
59131626;23
59161562;74
59305042;144
69161203;411
79266148;144
79305512;209
99251853;162
99305158;151
80419070;403
39306250;337
90219829;398
19161489;557
79296857;317
79912760;427
80371520;477
80290779;706
10115067;502
19252168;535
410120;805
59306268;639
69221278;180
40301633;674
80341019;332
9010702;271
29180524;381
80418056;696
60247051;308
19280680;202
29125410;332
79221310;344
10141170;308
39221190;144
39297118;188
49191705;437
79161561;354
79288032;61
89221319;87
89304786;207
50404824;730
60403150;449
399033;416
9246088;64
9285701;146
9289327;163
429426;952
10198604;195
10288628;675
10471085;234
19131652;99
19197704;546
19240750;136
19246097;123
19252173;614
20153068;358
29161573;15
30339896;671
39297255;440
49305165;245
50165079;405
59246043;52
59252190;185
59254165;103
69221339;268
69229217;59
69229222;162
60334722;395
69297230;234
70465538;1065
79304763;143
89161565;77
89280714;60
90471086;597
90402352;797
99304781;553
79161486;882
19221351;131
59221189;388
165213;451
39285771;113
80404672;270
9252593;537
39297236;260
59161487;482
19252615;608
50185303;447
69297268;447
90146456;1000
99296899;407
50348668;523
20163802;339
20396420;587
39221307;108
50402325;452
59254170;138
69221297;282
69297249;190
80308675;844
99304762;365
287974;977
9240779;112
380948;815
9252197;127
19103183;95
19130501;313
19285927;69
19297261;262
19830588;367
29259838;85
29296874;249
29296906;60
29297232;297
29304765;78
39256599;265
39297123;247
39305161;175
39305180;121
39307706;39
49103247;241
49221298;235
49221321;98
49229261;159
49252181;295
49297293;150
49304769;82
50393000;769
59161492;78
59277015;88
59305061;71
59305155;132
59829125;623
69130612;237
69161552;237
69221283;478
69221320;58
69221344;308
69221438;244
69251821;112
69276256;60
69305174;183
70288630;283
79229212;150
79277019;80
89252202;127
89259840;117
89280766;92
89297229;235
89304767;110
80389148;956
89305168;88
89305173;180
99221446;49
99246098;135
99304795;145
99305177;223
30469307;408
20341970;324
9325387;514
30326177;995
60403584;256
75305709;509
70366798;601
20403562;887
10385950;603
10239280;603
80214549;913
60322130;329
60403602;443
392041;797
20270802;963
50192822;314
451498;924
90392046;735
30309234;1041
50293722;299
90374274;486
30403571;254
40393661;941
50374271;250
70403593;535
50391143;514
10192824;844
20374277;427
30439457;678
20270816;781
80391325;646
421656;659
20293714;382
70407299;202
60429999;965
90366839;332
80347163;551
353761;512
90213078;863
60400415;629
89239507;373
430019;839
20252266;658
90347167;434
49277247;693
79239490;251
60305705;846
70366784;521
69282399;681
89252688;803
80433486;823
29239497;455
79277255;761
9287291;530
9277211;795
40244751;678
49239496;305
40196241;469
69252712;732
39239835;413
30415036;290
20229011;691
10391324;501
99239489;176
9252673;602
60366789;254
9239498;289
99239494;825
69276567;367
9239827;571
10383461;520
29277229;333
20341003;503
89239499;209
29239505;292
49248033;282
79239843;546
59239504;290
60365153;485
49211690;314
60353763;331
90383457;660
19276522;436
90365161;290
29248010;322
30151808;533
20383465;317
99279588;838
19276621;255
69239495;588
40383474;824
50397913;804
29276550;456
60365855;756
49286510;488
79282426;638
40383469;709
99211758;251
49276629;341
69276633;411
50391421;274
99239502;482
19248015;346
10365928;541
19211757;538
49276549;743
365924;564
59211760;404
79239503;274
9248006;249
79211759;192
10460888;714
19338054;657
50178411;944
50365177;545
40365371;404
80382321;787
90365180;918
80342052;358
60357737;590
60365346;649
29042877;362
40365366;549
60365167;1057
30213076;641
80201740;484
50298418;499
60306494;452
9903014;532
79898306;322
89228472;475
10201673;364
19102659;566
10243574;500
80213074;968
39252756;428
99228570;863
60196358;657
70228325;483
49102304;858
10091453;637
19275075;143
50422494;921
50171122;822
30306495;829
10192013;442
29228470;659
99228476;268
50196354;1031
59128959;401
49123405;888
10269696;404
95685100;795
20273594;798
90091454;766
20305707;676
80196357;629
80229008;509
89102095;311
29252912;325
50308002;974
20089242;710
69260081;370
59253043;185
99129004;410
30298023;582
70091412;1097
59279585;321
90269697;482
80308699;952
80153800;894
49128945;960
89128953;833
60308695;895
30128629;400
90287413;713
19252856;423
30091452;1034
29103007;336
20308701;436
99228551;536
69128992;282
49128969;732
80089239;610
91415;1061
20308697;880
10308693;935
9102532;926
40466285;463
69337801;641
79102958;285
30171123;608
30466281;530
50466275;385
40348664;514
99323614;410
50460886;364
9323623;348
80226137;395
10356127;574
30199283;984
20045205;335
20400243;923
69253146;697
20307037;488
360479;463
30424007;350
39180830;564
69253047;189
19240892;476
30465489;506
20225334;781
50424006;481
79228590;857
19262233;703
69252868;507
89335976;841
69898415;312
49048425;244
19217863;228
80213446;680
80208529;701
19217518;397
29289821;93
10411440;1061
49054015;895
40332682;433
79183681;161
80287362;591
20204925;398
99262168;187
39291418;352
324561;435
49275903;159
39251993;216
80336466;870
20208527;857
50313094;620
10205181;667
49256867;83
90208543;598
59048415;589
30264565;538
401941;724
50339206;353
39286153;583
19212182;610
20411425;878
70208539;953
50208535;679
39251988;69
29267334;238
70419787;358
50285265;751
9048413;984
40208531;443
59289424;119
70095429;616
10337817;739
70234185;485
90339742;384
90336550;836
90095428;667
80373618;852
59268775;90
80291731;782
9289737;93
89260075;143
19216689;148
39289811;112
40411047;855
70267133;712
50312424;458
60205188;716
60409821;944
9183528;333
40259511;274
49898435;490
9227532;212
20292328;324
10411143;633
59292643;219
9290104;727
80251513;273
49251983;102
79258271;90
60240035;444
10255307;680
89259963;775
70391712;858
40373615;366
40413131;651
10174641;671
80321021;455
70418170;497
49252609;88
40411108;433
20314698;890
90313092;747
40160478;951
50267049;892
69291902;140
20411133;1101
70292321;596
50401986;940
70410744;443
40151841;462
19241472;42
39252704;122
80259514;842
60391717;742
19265203;195
30411415;355
39053931;294
20312326;294
50205179;697
60406808;719
60373624;657
39287789;99
80267137;416
50422210;1103
40391718;656
59267653;141
9251956;263
70424147;550
59253123;968
39898474;224
50240031;977
70319288;1087
411087;1034
80314704;751
20312604;360
39265481;304
49264872;696
59289990;255
19241491;141
19267099;170
29268946;834
30405339;544
19183815;455
80311833;694
9241509;462
29252078;99
49287920;68
99262432;268
69253033;932
29267659;278
9219278;196
39156401;125
49257386;288
99258005;191
410747;908
50405338;644
70386503;457
59048397;248
80391839;324
10386450;521
29262435;551
49267286;116
59303665;313
79303645;162
80391716;452
20411067;379
10391833;412
10386501;292
69253108;434
70401706;694
19252371;357
99335985;754
29287676;296
50412942;783
99251966;87
404534;420
29265014;320
90417909;768
29303624;132
80391844;850
9251961;131
9266477;205
10267046;778
19287714;469
70264460;446
20386505;517
20404528;612
60424586;437
50339763;439
80351819;695
80292330;313
79262447;347
80264493;369
30391714;286
90417914;456
10404519;843
20424593;328
49303595;93
50404522;500
59253439;288
60264540;951
20411072;449
50391850;804
39253077;918
60151840;977
79291360;508
411092;810
80311828;518
339204;698
20391856;652
19241387;136
20373621;376
29291857;95
40404513;860
40264485;476
60417897;306
99285928;75
90443135;831
70301537;361
79166399;891
30275861;519
9157261;365
99188003;156
59315159;246
70268811;714
69157376;269
9017483;385
10459903;393
105064;279
30409035;870
9139724;235
40404202;292
9208029;259
89265836;258
79275119;232
79265945;223
39300856;312
79151312;619
79135746;397
79315945;262
19305567;158
19305572;135
79135751;403
10424621;489
10469186;760
19129178;268
49129209;210
79135949;49
39217838;431
9251777;214
385314;587
49282989;127
69217790;303
79254683;55
69129798;170
19325457;230
89135944;244
79257498;137
69240026;98
20033919;541
30451067;93
80437489;339
29284381;62
9217830;169
89254786;228
59270274;125
29193692;23
50360009;875
59307649;97
89135939;178
59217804;481
89239786;51
69298772;138
49240193;292
99239620;940
19257509;204
40266682;518
89272667;119
79284958;71
19254780;346
49151276;500
19239817;157
20403374;763
10434309;388
19282962;145
59284351;102
39270326;149
80328292;360
69192657;204
79150751;109
70451065;153
9193754;220
89305535;42
9256256;41
29254647;204
9270295;124
40399314;427
29257504;909
59256414;85
99135934;685
99295593;122
99299708;27
69254792;97
90413478;791
9289346;123
59254641;275
80245051;15
69254810;21
69285232;17
80425212;300
50321697;305
99192401;205
59193723;9
99270465;67
89284712;152
10417852;648
29011423;120
20394317;923
10382876;639
40344500;42
20382786;337
89239748;20
385309;595
386097;796
30442662;706
9284909;90
99297484;241
20328327;362
40394830;863
90394795;1035
29282853;166
49248189;238
59135653;373
20303751;1022
289322;339
40396278;536
40394321;565
79284468;131
50382493;926
50418053;310
60418043;783
40410335;322
29277700;89
99254677;73
49269983;21
10438166;780
10430033;772
70321682;593
99279381;471
19270266;153
19239997;81
70343797;703
59279439;488
340472;561
50363970;626
79244665;940
10224330;599
30292399;375
79277632;7
49256971;135
50413847;843
60348917;583
49285582;99
19292678;71
39239816;32
50468694;356
99241840;179
30402901;359
40446985;163
59285360;692
39305528;52
10322316;320
89305540;38
99289375;131
80382608;717
351125;966
40399272;607
80405921;843
79256917;97
49192663;421
79279419;523
39149892;253
50304075;448
80418117;297
328347;444
79295551;132
79254659;924
60403305;1011
59259691;125
89278612;18
99292047;54
198591;99
19289987;329
20306231;709
80428927;296
39181245;622
10336182;508
19278502;48
49252949;19
59270354;29
69285294;14
30417870;446
40417695;533
9299661;74
80454493;699
10328276;294
20396255;854
20396260;541
29278115;114
39306368;532
60426509;523
39817883;908
89248192;282
79279396;872
30347151;902
49254774;553
19105714;543
20397014;306
29277960;49
404360;505
39256071;82
50319859;409
89259939;289
89278080;16
30394840;679
80413921;666
90404054;289
79258308;638
9279371;952
30105901;410
30396797;313
59257437;22
70304121;651
409447;729
413538;531
9289884;302
9293999;247
19289303;168
29276965;72
29277026;249
39277894;126
39298778;106
49277978;61
59241597;504
59285384;346
30306221;684
60336194;877
69219505;258
69259676;126
89272648;55
99257280;18
99285042;69
90344507;361
60382628;789
90409457;296
69193713;784
70304201;497
50351104;487
60289324;889
9219457;138
49269153;18
10470972;653
60276675;690
89220131;232
9256317;632
19240062;88
19294502;52
20336252;904
29257127;51
30198599;539
30397080;817
70353456;348
30306235;474
70397993;555
79149927;190
79257016;91
89140002;394
70405752;982
80413902;580
69242073;412
19290071;829
70292397;713
60396885;595
9256529;572
9256553;171
9276853;29
9289370;112
9299430;642
19255845;518
19284857;189
19289548;335
29241933;436
29255821;441
39294134;569
49277676;142
59256584;166
59278557;23
79278919;509
70410089;766
79279004;150
79305220;437
89256035;239
80418018;711
89256511;209
99239615;372
50255536;563
382594;851
39297458;198
40399012;591
79239635;550
99257176;80
10441734;804
289317;470
30351044;762
59829111;398
90351084;744
70306243;300
9253639;271
9277782;86
9904706;24
405133;692
10405590;835
19257076;72
19289317;933
19289911;223
19289925;254
19294347;231
10418026;852
20398754;834
29111253;165
29894377;24
30405853;362
30433790;443
39046403;136
39117674;783
40336190;610
40399267;621
40405876;156
49218267;468
49256594;106
49270260;156
59255706;76
69218285;300
50407021;261
69256220;235
69257328;19
79217921;168
79256559;84
89256323;253
89303428;188
99277240;120
9186112;221
80398633;492
9257029;111
9276004;862
49256589;120
60198588;112
89256610;13
9217972;380
9218189;191
9293107;48
9307741;500
10052362;639
19218315;534
19278795;648
19284796;89
19294192;499
19302328;273
29255152;403
20387939;532
29256142;531
29278144;72
29290056;113
29292442;74
29303327;470
30094592;322
30397669;108
39257457;39
49255170;382
49289047;185
59218243;166
59256329;581
59256579;13
59278699;249
60289319;633
69111190;473
69218068;723
69256574;25
60397998;593
69276039;46
70405064;310
79285439;412
80398628;165
89241614;695
89256605;42
89278754;368
99277754;97
99278956;193
99292052;26
10348905;301
40284191;699
19289954;318
10321369;384
69130037;139
79130027;350
89255639;266
90476258;461
10397745;297
19111220;396
10441729;331
20405085;93
39110917;589
49257348;17
69256569;30
70404366;199
79256564;33
90398623;213
19011777;668
70466496;923
60214159;241
59133593;978
19216694;472
50411990;428
90449905;795
10203610;254
30449908;964
79214159;665
433895;585
80213309;1013
30381183;628
80449901;534
80221352;501
99000483;541
250249;852
49047119;249
50322239;1037
29932181;432
90278277;736
50434307;672
30413495;539
39932562;935
59000705;846
90214308;872
20382932;965
90471519;924
70335486;290
80215332;508
50087072;248
29214213;727
50244741;760
50351175;714
50161321;389
39011781;758
10457999;967
29304020;647
10432193;541
30339735;425
90442824;678
60466500;307
60428344;645
70239710;553
20260718;829
39932699;605
30374413;362
49001965;336
90409607;410
60340389;996
29217495;404
40197486;691
20433371;1035
30351440;530
90363223;397
80270125;765
452624;776
90423887;572
49932670;563
60214183;759
10351441;723
49306184;291
29214312;377
10234942;541
60193736;875
29870932;424
374297;285
60447677;627
70342533;850
40173065;934
70290459;676
60261184;399
20302596;1114
89110934;245
79304008;703
99930961;940
40349263;986
30302299;859
10239713;596
60136680;550
70161320;654
70399020;507
10466499;636
90346592;654
40330862;919
40148368;632
20342074;351
14630009;423
39214284;599
20359984;210
30236025;283
29223830;308
30415625;550
50304990;248
90452587;305
20452637;378
19214322;1039
40304467;471
251135;528
20439472;360
10455410;256
60150176;547
70455412;1012
40217069;269
19282844;267
90217972;884
70340379;483
70353734;685
60423105;520
40410340;299
69162599;710
50409044;482
10346077;870
30466498;302
40344449;871
70294339;573
404204;797
9213931;288
60422549;364
59216668;862
19128961;587
49214306;666
70403512;334
60444259;527
70351481;1027
50466497;247
69261882;647
80130776;1009
70245339;344
50106773;420
19213582;575
79000686;329
80280676;749
80372464;555
80430746;865
10415853;551
80261183;846
90278588;384
70367444;279
30299070;367
70452593;644
30345717;888
40320349;414
20295925;281
10423886;700
409051;810
9214209;457
69040353;758
40444255;299
40136681;757
349444;902
39213576;566
20222458;506
30371240;488
49006425;260
49000701;617
30299485;741
59213938;698
69223828;165
89214314;525
70299959;820
90180025;651
20400276;601
80251358;970
89217505;555
80217524;664
90372454;507
10118971;1002
40261057;451
9213912;383
434277;277
70334057;654
60245721;513
70297658;812
19214275;469
30264301;483
423108;322
20353736;1053
39214298;453
10253025;804
80278287;892
50200271;721
99286254;790
99215695;433
60192826;789
50414210;910
70407360;634
40237840;646
10452628;946
59933179;490
19282085;126
49215693;621
293772;205
19280982;157
80278273;336
9214153;926
39001942;723
59930958;769
50219044;338
10297656;456
19022808;558
80361564;244
70359986;832
20293766;158
40423106;398
9320813;359
39213915;215
30260807;226
79140700;428
90365458;371
366301;658
29287964;273
29296690;17
60261037;297
361940;787
90388978;706
70340807;358
99047145;388
29330811;319
39335498;672
9282547;272
20116778;255
9213686;558
9214233;393
49289392;18
59213839;387
69214230;931
79061180;21
80278305;220
89331332;547
70221423;613
60251335;437
19220196;705
60261626;502
40219285;766
99215681;679
9128947;763
69282629;451
49336077;824
69214145;121
9046433;518
9280930;156
10252974;268
29046583;24
49229925;744
50267308;351
59214240;897
59282291;159
60355446;313
79140696;474
80281416;846
89217510;837
99216652;262
50444306;292
70419264;128
90297657;273
40426275;243
89215672;345
19281024;259
20433903;628
30250257;368
40348923;415
59282583;474
89281030;282
9229946;281
69331012;936
79006297;75
89284689;220
252875;649
29229931;231
366749;778
30255250;153
39214321;782
40368713;126
50268812;510
59222264;763
59288212;19
79214319;333
79288273;76
89214309;580
60253184;545
60444301;300
70340765;287
60447776;281
30340809;735
60416138;408
10420152;390
39931845;481
40340804;345
49022519;202
49214231;835
50386245;205
59040344;314
20403878;578
80397916;679
90340769;384
19324815;505
20206806;249
30353745;777
60247027;351
69222249;755
69282525;582
60403881;472
70279447;864
79288230;896
80382439;612
99331384;910
99932615;723
9061169;137
9214148;174
9288035;92
9335555;805
10365457;758
19335550;330
20340824;512
20255321;750
20368714;416
29061210;142
29331354;578
30247104;265
30252911;668
30255325;346
30279449;583
30366286;336
39284677;212
49284610;268
49331310;443
49335515;908
59287929;127
60252877;411
60278306;240
69213928;242
69229934;486
79046991;137
80356341;541
89286805;418
99213941;571
99214200;604
99288069;20
90222407;328
79046038;599
49217772;608
80346583;256
99304804;323
20340758;596
59001955;657
90305723;623
90353747;709
9301720;718
39047148;565
90252908;293
9222252;333
9229791;612
9330874;751
10412171;135
19046574;48
39229940;277
39286898;522
40247207;380
49390314;715
50420386;146
59047147;278
59214216;626
59229915;592
69325855;396
79213895;449
79335552;609
99222257;341
99229937;664
90247139;318
471222;982
70243873;995
20399777;765
20463056;1016
40463055;696
70303720;721
60171433;806
20281631;633
59276228;264
80035920;651
58487;833
40391657;180
393371;399
80334924;765
90399284;267
30240348;951
80393372;348
80402381;552
40366115;277
40201916;683
90446619;550
20359154;246
20391658;520
39286855;271
59299244;550
450088;1089
20450087;1003
50409874;705
80227797;345
90339290;858
10302295;511
80116600;633
59278232;294
70303428;495
60245844;913
50413526;524
40337694;738
30285153;336
60239715;187
19278210;360
10306613;294
90144730;902
79191266;566
9188979;545
9028759;302
69305249;297
79297545;289
90295253;231
99302621;339
39046064;101
19299571;144
89188452;209
39184343;197
20415206;232
69194005;410
99305257;724
89061226;495
19184339;355
60327774;298
29203115;170
79265827;64
19189916;264
39305260;606
29301743;319
9265883;353
29278219;175
89299539;254
89291388;372
90295540;624
79191803;144
79305263;498
59184337;649
9068316;478
69291394;158
29046045;119
10294511;468
99278225;506
9305247;481
79299554;119
40293567;455
59299381;218
20293592;500
69265842;187
19301927;269
70296319;815
79205536;531
99285004;705
50291676;280
20334309;346
39301785;300
50347517;420
60338409;961
39192611;93
89301127;464
40291629;721
80338413;841
30247415;662
20347509;433
40299890;353
19282919;134
80338408;674
70351513;604
60338414;433
50291624;695
60322856;1056
29291391;147
70291656;1022
79291398;157
40323593;491
59291403;220
291848;1023
69291407;134
50453758;842
29385672;541
19329304;299
59336270;432
19323929;672
441758;570
40407922;397
80437234;678
69304909;89
80331973;330
49246468;350
40400478;630
69128567;363
79128821;102
79180593;172
29128357;95
60375133;709
79305734;297
49025589;543
79252108;146
79203815;769
29286078;310
29128442;572
19300107;39
29180581;209
79285991;502
99305851;549
39305745;187
79248588;139
439468;621
39127710;401
10308787;669
39304128;158
50347616;185
19303380;272
19127297;284
59218342;193
80379620;672
9303719;332
29248369;186
9305761;263
69127493;759
39298472;333
29221652;56
89329348;137
50251270;168
30439476;369
19203781;160
20449517;392
39305788;104
59328897;157
39218512;288
89305719;160
29167037;200
59265705;16
39248590;213
59221373;256
79303886;95
99246588;598
29203889;333
29127777;452
9171035;339
99127608;308
89325374;776
39127395;71
298128;333
79287612;269
99096013;199
29158212;860
49275149;23
49324946;20
89305795;307
70439573;343
19305807;138
10453755;647
49305740;117
29300121;212
19227640;316
89252117;242
19305812;207
79306328;172
39246911;483
79305852;117
29157608;740
89288135;22
99302895;106
347614;636
19219008;95
59248626;138
59303533;138
89300156;111
49306315;138
49325371;465
49287618;172
39285988;217
19304582;409
9218368;84
421915;351
59094412;190
59221660;63
79306173;71
99246475;103
9303309;95
89227873;188
69157475;441
89325289;833
29330571;276
99248587;269
49300144;267
19331439;39
99329140;161
39276917;44
29286894;262
39227804;269
39157387;161
59324385;122
59286072;130
79217964;88
49305641;74
59300092;105
90421906;216
29320652;545
29320732;122
19302998;120
39305868;112
79161617;166
99180573;224
9303941;277
9325047;20
9331109;98
99157370;302
59326469;499
9296950;131
9324335;521
69330159;186
59157353;411
79331870;58
89329536;163
99264964;134
9025765;161
9157529;214
69030368;140
69286910;155
69331074;144
89243929;110
9247257;71
9300103;120
79305913;76
79158144;613
19158156;257
39305707;81
79306333;114
29304586;281
39221128;85
39264858;85
49325286;499
59305725;124
59330112;196
69219044;158
79266110;191
29324711;350
49188005;322
69157499;251
89385612;105
99304578;312
79157615;245
49212067;527
9265053;101
9324689;102
39325022;71
69303429;112
79276425;59
89315153;260
19127382;145
19303498;124
19305671;143
19305906;102
19306307;107
39305873;68
49330749;140
79330192;189
59158121;493
29320911;99
39187822;144
89157525;384
89158214;210
19306326;185
49127917;86
99157577;191
99276491;96
99330515;98
69325214;168
89243335;139
39330735;230
9305836;113
19305534;223
29306302;114
59324248;165
89329560;64
9187809;82
29306217;94
49157546;186
59157555;188
59264843;122
79157601;99
89025790;88
29324320;346
19157897;512
19315156;174
19385677;142
39329299;421
49157565;193
59324936;126
69330475;95
79302995;337
89330653;225
99157902;484
9158152;305
59157541;260
89157573;119
